{
	"song": {
		"speed": 1,
		"stage": "reg",
		"player1": "bf",
		"player2": "reginaldreborn",
		"events": [],
		"notes": [
			{
				"gfSection": false,
				"altAnim": false,
				"typeOfSection": 0,
				"sectionNotes": [
					[
						0,
						0,
						0
					],
					[
						517.241379310345,
						1,
						0
					],
					[
						1034.48275862069,
						2,
						0
					],
					[
						1551.72413793103,
						1,
						0
					],
					[
						2586.20689655172,
						3,
						0
					],
					[
						2844.8275862069,
						1,
						0
					],
					[
						3103.44827586207,
						3,
						0
					],
					[
						3620.68965517241,
						2,
						0
					],
					[
						3879.31034482759,
						1,
						0
					]
				],
				"bpm": 150,
				"sectionBeats": 4,
				"changeBPM": false,
				"mustHitSection": false
			},
			{
				"gfSection": false,
				"altAnim": false,
				"typeOfSection": 0,
				"sectionNotes": [
					[
						4137.93103448276,
						2,
						0
					],
					[
						4655.1724137931,
						3,
						0
					],
					[
						5172.41379310345,
						1,
						0
					],
					[
						5689.65517241379,
						0,
						0
					],
					[
						6724.13793103448,
						1,
						0
					],
					[
						6982.75862068966,
						3,
						0
					],
					[
						7241.37931034483,
						2,
						0
					],
					[
						7758.62068965517,
						3,
						0
					],
					[
						8017.24137931035,
						2,
						0
					]
				],
				"bpm": 150,
				"sectionBeats": 4,
				"changeBPM": false,
				"mustHitSection": false
			},
			{
				"gfSection": false,
				"altAnim": false,
				"typeOfSection": 0,
				"sectionNotes": [
					[
						8275.86206896552,
						0,
						0
					],
					[
						8793.10344827586,
						1,
						0
					],
					[
						9310.34482758621,
						2,
						0
					],
					[
						9827.58620689655,
						1,
						0
					],
					[
						10862.0689655172,
						3,
						0
					],
					[
						11120.6896551724,
						1,
						0
					],
					[
						11379.3103448276,
						3,
						0
					],
					[
						11896.5517241379,
						2,
						0
					],
					[
						12155.1724137931,
						1,
						0
					]
				],
				"bpm": 150,
				"sectionBeats": 4,
				"changeBPM": false,
				"mustHitSection": true
			},
			{
				"gfSection": false,
				"altAnim": false,
				"typeOfSection": 0,
				"sectionNotes": [
					[
						12413.7931034483,
						2,
						0
					],
					[
						12931.0344827586,
						3,
						0
					],
					[
						13448.275862069,
						1,
						0
					],
					[
						13965.5172413793,
						0,
						0
					],
					[
						15000,
						1,
						0
					],
					[
						15258.6206896552,
						3,
						0
					],
					[
						15517.2413793103,
						2,
						0
					],
					[
						16034.4827586207,
						3,
						0
					],
					[
						16293.1034482759,
						2,
						0
					]
				],
				"bpm": 150,
				"sectionBeats": 4,
				"changeBPM": false,
				"mustHitSection": true
			},
			{
				"gfSection": false,
				"altAnim": false,
				"typeOfSection": 0,
				"sectionNotes": [
					[
						16551.724137931,
						1,
						0
					],
					[
						17068.9655172414,
						2,
						0
					],
					[
						18620.6896551724,
						6,
						259
					],
					[
						18620.6896551724,
						2,
						0
					],
					[
						18103.4482758621,
						7,
						0
					],
					[
						19137.9310344828,
						1,
						0
					],
					[
						19655.1724137931,
						3,
						0
					],
					[
						19913.7931034483,
						2,
						0
					],
					[
						20172.4137931034,
						1,
						0
					],
					[
						20431.0344827586,
						0,
						0
					],
					[
						19655.1724137931,
						4,
						0
					]
				],
				"bpm": 150,
				"sectionBeats": 4,
				"changeBPM": false,
				"mustHitSection": true
			},
			{
				"gfSection": false,
				"altAnim": false,
				"typeOfSection": 0,
				"sectionNotes": [],
				"bpm": 150,
				"sectionBeats": 4,
				"changeBPM": false,
				"mustHitSection": true
			},
			{
				"gfSection": false,
				"altAnim": false,
				"typeOfSection": 0,
				"sectionNotes": [],
				"bpm": 150,
				"sectionBeats": 4,
				"changeBPM": false,
				"mustHitSection": true
			},
			{
				"gfSection": false,
				"altAnim": false,
				"typeOfSection": 0,
				"sectionNotes": [],
				"bpm": 150,
				"sectionBeats": 4,
				"changeBPM": false,
				"mustHitSection": true
			},
			{
				"gfSection": false,
				"altAnim": false,
				"typeOfSection": 0,
				"sectionNotes": [
					[
						33103.4482758621,
						0,
						0
					],
					[
						33620.6896551724,
						1,
						0
					],
					[
						34137.9310344828,
						2,
						0
					],
					[
						34655.1724137931,
						1,
						0
					],
					[
						35689.6551724138,
						3,
						0
					],
					[
						35948.275862069,
						1,
						0
					],
					[
						36206.8965517241,
						3,
						0
					],
					[
						36724.1379310345,
						2,
						0
					],
					[
						36982.7586206897,
						1,
						0
					]
				],
				"bpm": 150,
				"sectionBeats": 4,
				"changeBPM": false,
				"mustHitSection": false
			},
			{
				"gfSection": false,
				"altAnim": false,
				"typeOfSection": 0,
				"sectionNotes": [
					[
						37241.3793103448,
						2,
						0
					],
					[
						37758.6206896552,
						3,
						0
					],
					[
						38275.8620689655,
						1,
						0
					],
					[
						38793.1034482759,
						0,
						0
					],
					[
						39827.5862068966,
						1,
						0
					],
					[
						40086.2068965517,
						3,
						0
					],
					[
						40344.8275862069,
						2,
						0
					],
					[
						40862.0689655172,
						3,
						0
					],
					[
						41120.6896551724,
						2,
						0
					]
				],
				"bpm": 150,
				"sectionBeats": 4,
				"changeBPM": false,
				"mustHitSection": false
			},
			{
				"gfSection": false,
				"altAnim": false,
				"typeOfSection": 0,
				"sectionNotes": [
					[
						41379.3103448276,
						0,
						0
					],
					[
						41896.5517241379,
						1,
						0
					],
					[
						42413.7931034483,
						2,
						0
					],
					[
						42931.0344827586,
						1,
						0
					],
					[
						43965.5172413793,
						3,
						0
					],
					[
						44224.1379310345,
						1,
						0
					],
					[
						44482.7586206897,
						3,
						0
					],
					[
						45000,
						2,
						0
					],
					[
						45258.6206896552,
						1,
						0
					]
				],
				"bpm": 150,
				"sectionBeats": 4,
				"changeBPM": false,
				"mustHitSection": true
			},
			{
				"gfSection": false,
				"altAnim": false,
				"typeOfSection": 0,
				"sectionNotes": [
					[
						45517.2413793103,
						2,
						0
					],
					[
						46034.4827586207,
						3,
						0
					],
					[
						46551.724137931,
						1,
						0
					],
					[
						47068.9655172414,
						0,
						0
					],
					[
						48103.4482758621,
						1,
						0
					],
					[
						48362.0689655172,
						3,
						0
					],
					[
						48620.6896551724,
						2,
						0
					],
					[
						49137.9310344828,
						3,
						0
					],
					[
						49396.5517241379,
						2,
						0
					]
				],
				"bpm": 150,
				"sectionBeats": 4,
				"changeBPM": false,
				"mustHitSection": true
			},
			{
				"gfSection": false,
				"altAnim": false,
				"typeOfSection": 0,
				"sectionNotes": [
					[
						49655.1724137931,
						1,
						0
					],
					[
						50172.4137931034,
						2,
						0
					],
					[
						51724.1379310345,
						6,
						259
					],
					[
						51724.1379310345,
						2,
						0
					],
					[
						51206.8965517241,
						7,
						0
					],
					[
						52241.3793103448,
						1,
						0
					],
					[
						52758.6206896552,
						3,
						0
					],
					[
						53017.2413793103,
						2,
						0
					],
					[
						53275.8620689655,
						1,
						0
					],
					[
						53534.4827586207,
						0,
						0
					],
					[
						52758.6206896552,
						4,
						0
					]
				],
				"bpm": 150,
				"sectionBeats": 4,
				"changeBPM": false,
				"mustHitSection": true
			},
			{
				"gfSection": false,
				"altAnim": false,